{
  "shape": [
    766,
    35
  ],
  "columns": [
    "P. On (min)",
    "%HRD 3M",
    "%HRD 4M",
    "%HRD Patios",
    "Escoria %FeO",
    "Escoria %SiO2",
    "Escoria  %CaO",
    "Escoria  B/A",
    "Carga Metalica (Chatarra+HRD) (tn/col)",
    "Peso Vaciado (tn/col)",
    "Carga HRD (tn/col)",
    "Potencia (MW)",
    "Carga Chatarra (tn/col)",
    "Energ\u00eda El\u00e9ctrica (KWh/tn)",
    "Oxigeno (m3/tn)",
    "Cales (kg/tn)",
    "Carbones (kg/tn)",
    "Met",
    "Car",
    "FeT",
    "Finos -1/4%",
    "Finos -1/8%",
    "4M %Met",
    "4M %Car",
    "4M FeT",
    "4M % -1/8",
    "4M % -1/4",
    "3M5 %Met",
    "3M5 %Car",
    "3M5 FeT",
    "Patios %Met",
    "Patios %Car",
    "Patios FeT",
    "Patios % -1/4",
    "Patios % -1/8"
  ],
  "target": "P. On (min)",
  "target_distribution": "continuous",
  "missing_values": {
    "P. On (min)": 0,
    "%HRD 3M": 0,
    "%HRD 4M": 0,
    "%HRD Patios": 0,
    "Escoria %FeO": 0,
    "Escoria %SiO2": 0,
    "Escoria  %CaO": 0,
    "Escoria  B/A": 0,
    "Carga Metalica (Chatarra+HRD) (tn/col)": 0,
    "Peso Vaciado (tn/col)": 0,
    "Carga HRD (tn/col)": 0,
    "Potencia (MW)": 0,
    "Carga Chatarra (tn/col)": 0,
    "Energ\u00eda El\u00e9ctrica (KWh/tn)": 0,
    "Oxigeno (m3/tn)": 0,
    "Cales (kg/tn)": 3,
    "Carbones (kg/tn)": 3,
    "Met": 0,
    "Car": 0,
    "FeT": 0,
    "Finos -1/4%": 0,
    "Finos -1/8%": 0,
    "4M %Met": 54,
    "4M %Car": 54,
    "4M FeT": 54,
    "4M % -1/8": 54,
    "4M % -1/4": 54,
    "3M5 %Met": 0,
    "3M5 %Car": 0,
    "3M5 FeT": 0,
    "Patios %Met": 7,
    "Patios %Car": 7,
    "Patios FeT": 7,
    "Patios % -1/4": 0,
    "Patios % -1/8": 0
  },
  "describe": {
    "P. On (min)": {
      "count": 766.0,
      "mean": 36.519935411538356,
      "std": 30.617551058836774,
      "min": 18.73,
      "25%": 33.22208333333335,
      "50%": 34.36424242424245,
      "75%": 36.08702777777778,
      "max": 868.2
    },
    "%HRD 3M": {
      "count": 766.0,
      "mean": 28.651091008240154,
      "std": 10.16263214146966,
      "min": 1.14209515326734,
      "25%": 23.5185371969274,
      "50%": 26.155801585385703,
      "75%": 29.65665481598765,
      "max": 72.141203351224
    },
    "%HRD 4M": {
      "count": 766.0,
      "mean": 53.725729299707815,
      "std": 17.181251074698054,
      "min": 0.0,
      "25%": 54.64552869817298,
      "50%": 58.26290465887695,
      "75%": 61.324615358755324,
      "max": 97.9675449124505
    },
    "%HRD Patios": {
      "count": 766.0,
      "mean": 17.623179692052027,
      "std": 8.334962935223304,
      "min": 0.890359934282201,
      "25%": 12.942876992263024,
      "50%": 15.7799276694717,
      "75%": 18.410472768953124,
      "max": 52.1888602425532
    },
    "Escoria %FeO": {
      "count": 766.0,
      "mean": 40.69321489967331,
      "std": 3.675790369811752,
      "min": 17.7777777777778,
      "25%": 38.4956475,
      "50%": 40.2892455357143,
      "75%": 42.625740625,
      "max": 55.2566375
    },
    "Escoria %SiO2": {
      "count": 766.0,
      "mean": 16.716437182995293,
      "std": 1.3150086560655425,
      "min": 10.462225,
      "25%": 15.964387499999974,
      "50%": 16.76596,
      "75%": 17.5355402777778,
      "max": 21.8441
    },
    "Escoria  %CaO": {
      "count": 766.0,
      "mean": 23.95414418478907,
      "std": 2.068698463524901,
      "min": 15.8675625,
      "25%": 22.766968749999975,
      "50%": 24.197474545454547,
      "75%": 25.2953833333333,
      "max": 30.7842
    },
    "Escoria  B/A": {
      "count": 766.0,
      "mean": 1.4538531228952603,
      "std": 0.12788912217005802,
      "min": 0.908516666666667,
      "25%": 1.3970760416666699,
      "50%": 1.454360454545455,
      "75%": 1.5047864583333326,
      "max": 3.01342727272727
    },
    "Carga Metalica (Chatarra+HRD) (tn/col)": {
      "count": 766.0,
      "mean": 184.8067626134214,
      "std": 13.76219357711132,
      "min": 81.62,
      "25%": 179.30204545454524,
      "50%": 184.695722222222,
      "75%": 189.8121212121215,
      "max": 300.5
    },
    "Peso Vaciado (tn/col)": {
      "count": 766.0,
      "mean": 146.6215761260526,
      "std": 4.031493611053449,
      "min": 120.09,
      "25%": 144.65125,
      "50%": 146.952857142857,
      "75%": 149.0960795454545,
      "max": 161.483333333333
    },
    "Carga HRD (tn/col)": {
      "count": 766.0,
      "mean": 125.2411547745283,
      "std": 12.587323939371444,
      "min": 66.182,
      "25%": 119.911666666667,
      "50%": 125.821090909091,
      "75%": 132.3545,
      "max": 192.851
    },
    "Potencia (MW)": {
      "count": 766.0,
      "mean": 120.65471704040331,
      "std": 5.724680385344127,
      "min": 75.3333333333333,
      "25%": 119.12045454545449,
      "50%": 121.727272727273,
      "75%": 124.0,
      "max": 129.181818181818
    },
    "Carga Chatarra (tn/col)": {
      "count": 766.0,
      "mean": 59.56567019694177,
      "std": 11.08979194821859,
      "min": 0.0,
      "25%": 55.655666666666626,
      "50%": 59.07924242424245,
      "75%": 62.94204545454548,
      "max": 119.1
    },
    "Energ\u00eda El\u00e9ctrica (KWh/tn)": {
      "count": 766.0,
      "mean": 477.9572221284163,
      "std": 58.73222649029219,
      "min": 216.55,
      "25%": 454.17039772727276,
      "50%": 470.15141414141453,
      "75%": 488.99416666666673,
      "max": 1440.93
    },
    "Oxigeno (m3/tn)": {
      "count": 766.0,
      "mean": 40.567197839415485,
      "std": 4.066769442434406,
      "min": 0.87,
      "25%": 39.05497727272727,
      "50%": 40.4131818181818,
      "75%": 41.913958333333326,
      "max": 103.24
    },
    "Cales (kg/tn)": {
      "count": 763.0,
      "mean": 56.33264743876718,
      "std": 5.75072357203198,
      "min": 10.9750949767835,
      "25%": 53.798047944245596,
      "50%": 56.537061108308,
      "75%": 59.086335659300005,
      "max": 89.3963103065182
    },
    "Carbones (kg/tn)": {
      "count": 763.0,
      "mean": 1.797769146777239,
      "std": 2.20767524520513,
      "min": 0.0,
      "25%": 0.28550979789444353,
      "50%": 1.05101457557239,
      "75%": 2.51969071109566,
      "max": 19.3891641621314
    },
    "Met": {
      "count": 766.0,
      "mean": 93.63873924632782,
      "std": 2.7789142980808883,
      "min": 44.4874908739919,
      "25%": 93.43169144757428,
      "50%": 93.90964780020855,
      "75%": 94.39841296703675,
      "max": 96.0563028472984
    },
    "Car": {
      "count": 766.0,
      "mean": 3.841008909645392,
      "std": 0.27587809165767274,
      "min": 1.81612429171633,
      "25%": 3.6964607125647726,
      "50%": 3.853664601682195,
      "75%": 4.00520166361609,
      "max": 4.73964454963108
    },
    "FeT": {
      "count": 766.0,
      "mean": 84.59827955747267,
      "std": 2.5078216171776666,
      "min": 40.112015480958,
      "25%": 84.53389534997135,
      "50%": 84.84293988732115,
      "75%": 85.1661017494843,
      "max": 86.4880826114243
    },
    "Finos -1/4%": {
      "count": 766.0,
      "mean": 18.863546597265856,
      "std": 4.454959369614043,
      "min": 5.38462703088393,
      "25%": 15.46302401052095,
      "50%": 19.1144017899064,
      "75%": 22.186670732681474,
      "max": 34.1952436627137
    },
    "Finos -1/8%": {
      "count": 766.0,
      "mean": 5.7017061592065295,
      "std": 2.153731492295805,
      "min": 0.78125,
      "25%": 4.187267809567753,
      "50%": 5.5163236516789,
      "75%": 7.01070541159722,
      "max": 16.5619938005132
    },
    "4M %Met": {
      "count": 712.0,
      "mean": 94.39689468026079,
      "std": 1.05164344956548,
      "min": 90.1,
      "25%": 93.8,
      "50%": 94.4,
      "75%": 95.1,
      "max": 97.4
    },
    "4M %Car": {
      "count": 712.0,
      "mean": 4.080072652240255,
      "std": 0.31648874178226594,
      "min": 3.1,
      "25%": 3.9,
      "50%": 4.1,
      "75%": 4.3,
      "max": 5.4
    },
    "4M FeT": {
      "count": 712.0,
      "mean": 85.413006311555,