{
  "loss": [
    0.668845534324646,
    0.36703386902809143,
    0.3085334002971649,
    0.26925185322761536,
    0.2498473972082138,
    0.2916558086872101,
    0.20031951367855072,
    0.22923985123634338,
    0.28027379512786865,
    0.16269710659980774,
    0.1485365629196167,
    0.16287167370319366,
    0.1654829978942871,
    0.12870685756206512,
    0.13957065343856812,
    0.1222929134964943,
    0.12641564011573792,
    0.1337956339120865
  ],
  "mae": [
    0.5437255501747131,
    0.4170951545238495,
    0.38349127769470215,
    0.360962450504303,
    0.3424363434314728,
    0.3570542633533478,
    0.3019426763057709,
    0.3333601951599121,
    0.33057841658592224,
    0.2814338803291321,
    0.27092358469963074,
    0.28527119755744934,
    0.2839260697364807,
    0.25711748003959656,
    0.25901803374290466,
    0.2515222132205963,
    0.2545211911201477,
    0.26148197054862976
  ],
  "mse": [
    0.668845534324646,
    0.36703386902809143,
    0.3085334002971649,
    0.26925185322761536,
    0.2498473972082138,
    0.2916558086872101,
    0.20031951367855072,
    0.22923985123634338,
    0.28027379512786865,
    0.16269710659980774,
    0.1485365629196167,
    0.16287167370319366,
    0.1654829978942871,
    0.12870685756206512,
    0.13957065343856812,
    0.1222929134964943,
    0.12641564011573792,
    0.1337956339120865
  ],
  "rmse": [
    0.8178297877311707,
    0.6058331727981567,
    0.5554578304290771,
    0.5188948512077332,
    0.4998473823070526,
    0.5400516986846924,
    0.44757068157196045,
    0.4787899851799011,
    0.5294089317321777,
    0.40335729718208313,
    0.38540440797805786,
    0.4035736322402954,
    0.40679600834846497,
    0.3587573766708374,
    0.3735915720462799,
    0.3497040271759033,
    0.35554978251457214,
    0.36578086018562317
  ],
  "val_loss": [
    0.3832987844944,
    0.35779401659965515,
    0.401819109916687,
    0.31170356273651123,
    0.24387326836585999,
    0.4403473138809204,
    0.2686254382133484,
    0.23260125517845154,
    0.29717281460762024,
    0.23688437044620514,
    0.2421700805425644,
    0.35748592019081116,
    0.3037133812904358,
    0.26801615953445435,
    0.2569354474544525,
    0.2623699903488159,
    0.3192961812019348,
    0.24640467762947083
  ],
  "val_mae": [
    0.41819503903388977,
    0.4311620593070984,
    0.440299928188324,
    0.3800883889198303,
    0.3444688320159912,
    0.46522876620292664,
    0.34387481212615967,
    0.3262806236743927,
    0.37327930331230164,
    0.33072397112846375,
    0.3416594862937927,
    0.42398226261138916,
    0.37469205260276794,
    0.35582783818244934,
    0.35292017459869385,
    0.35797858238220215,
    0.3954302966594696,
    0.3492700159549713
  ],
  "val_mse": [
    0.3832987844944,
    0.35779401659965515,
    0.401819109916687,
    0.31170356273651123,
    0.24387326836585999,
    0.4403473138809204,
    0.2686254382133484,
    0.23260125517845154,
    0.29717281460762024,
    0.23688437044620514,
    0.2421700805425644,
    0.35748592019081116,
    0.3037133812904358,
    0.26801615953445435,
    0.2569354474544525,
    0.2623699903488159,
    0.3192961812019348,
    0.24640467762947083
  ],
  "val_rmse": [
    0.6191112995147705,
    0.5981588363647461,
    0.6338920593261719,
    0.5583041906356812,
    0.4938352704048157,
    0.6635866761207581,
    0.5182908773422241,
    0.48228752613067627,
    0.5451356172561646,
    0.4867076873779297,
    0.4921077787876129,
    0.5979012846946716,
    0.5511019825935364,
    0.5177027583122253,
    0.5068880319595337,
    0.5122206211090088,
    0.5650629997253418,
    0.4963916540145874
  ],
  "learning_rate": [
    0.0010000000474974513,
    0.0010000000474974513,
    0.0010000000474974513,
    0.0010000000474974513,
    0.0010000000474974513,
    0.0010000000474974513,
    0.0010000000474974513,
    0.0010000000474974513,
    0.0010000000474974513,
    0.0010000000474974513,
    0.0010000000474974513,
    0.0010000000474974513,
    0.0010000000474974513,
    0.0005000000237487257,
    0.0005000000237487257,
    0.0005000000237487257,
    0.0005000000237487257,
    0.0005000000237487257
  ]
}